{"cameraMode":{"drawMode":0,"name":"Shaded","section":"Shading Mode"},"sceneLighting":true,"audioPlay":false,"sceneViewState":{"m_AlwaysRefresh":false,"showFog":true,"showSkybox":true,"showFlares":true,"showImageEffects":true,"showParticleSystems":true,"showVisualEffectGraphs":true,"m_FxEnabled":true},"in2DMode":false,"pivot":{"x":3.9737601280212404,"y":-0.5067784786224365,"z":7.290156841278076},"rotation":{"x":-0.014773165807127953,"y":0.9553375244140625,"z":-0.2911399304866791,"w":-0.04847625270485878},"size":6.577382564544678,"orthographic":false}